Topic,Words
1,"marchandise, marchandises, qualité marchandise, marchandise très, marchandise conforme, marchandise marchandise, livraison marchandise, bonne, qualité, bonne qualité, état, marchandise reçue, marchandise bonne, conforme, retour marchandise"
2,"argent, récupérer argent, temps argent, pendant, garder argent, pendant mois, argent compte, récupérer, compte, prendre argent, mois, temps, perdu, garder, argent pendant"
3,"stock, stocks, rupture, rupture stock, plus stock, gestion, gestion stock, gérer, annulée, problème stock, logistique, commande annulée, stock donc, commande, faute stock"
4,"38, 36, 40, taille, 37, 42, 39, pointure, 41, taille 38, 44, taille 36, taille 40, commandé, fais"
5,"bijou, beaux, or, très beaux, swarovski, qualité, fantaisie, argent, jolis, bijou conforme, qualité bijou, irl, arrivé cassé, disant argent, zag"
6,"confortables, cuir, déchirée, pied, bonne qualité, semelles, qualité, semelle, occasion acheté, plastique prix, boites, elles, marque italienne, boîtes, être cuir"
7,"cadeau, bagues, commandé reçu, photo, faire cadeau, ciselé, petite, trop beau, adulte, plastique, commander, prix public, 99, connecté, bb"
8,"table, table basse, basse, chaises, tabourets, plateau, commandé table, table chaises, tableau, commande table, chaises table, acheté table, pieds, pieds table, bar"
9,"arnaque, arnaqueurs, belle arnaque, arnaque pure, vraiment arnaque, arnaque belle arnaque, arnaque belle, arnaque arnaque, arnaques, véritable arnaque, pure, ça arnaque, grosse arnaque, arnaque vraiment, véritable"
10,"qualité, bonne qualité, bonne, qualité bonne, qualité très, qualité bonne qualité, qualité qualité, qualité déçu, mauvaise qualité, déçu qualité, qualité déçu qualité, très bonne qualité, belle qualité, très bonne, coupe"
11,"sav, pitoyable, sav très, pitoyable sav, sav sav, sav plus, sav dit, rien savoir, sav veut, sav aussi, sav veut rien, sav sert, inexistant sav, déçu sav, sav pitoyable"
12,"attentes, attentes conforme, conforme attentes, correspond attentes, conforme, correspond, attentes conforme attentes, attentes correspond, conforme attentes conforme, attentes tout, correspond attentes conforme, tout conforme, parfait conforme, parfait conforme attentes, correspond attente"
13,"réclamation, réclamations, faire réclamation, réclamation faite, délai réclamation, fait réclamation, cette réclamation, aucune réclamation, après réclamation, faite, envoyé réclamation, jours, fais donc, reclamation, faire"
14,"taille, commandé, teeshirt, troué, teeshirt très, commande superbe, ethanol, xl, commandé bonne, ans, arrivé retard, manquait, place, bonne, camaïeu"
15,"vp, chez vp, vp depuis, bref vp, vp bref, retour vp, part vp, appelle vp, commande vp, bref, vp ventes promo, tres mensonger, vp victime, vp victime succès, scandaleux surtout"
16,"bottines, bottes, commandé bottines, commande bottes, bottines très, commande bottines, cuir, bottine, commandé bottes, bottines commandées, botte, commandées, commandé, belles, bien bottines"
17,"relay, mondial relay, mondial, point relay, point, colis, relay colis, chez, 01, adresse, chez mondial relay, retour mondial, retour mondial relay, chez mondial, mondial relay colis"
18,"montage, fonctionne, pile, cadran, mms, tension, montant, notice, notice montage, piles, neuve, fermoir, détails, fonctionnait, traces"
19,"pantalon, pantalons, reçu pantalon, veste, panier, pantalon rouge, pantalon trop, commande pantalon, taille, qualité pantalons, pantalon velours, pantalon trop petit, pantalons pantalon, cuisse, très déçue pantalon"
20,"voyage, réservation, réservé, voyages, agence, réservé voyage, réservations, travelski, annulé, paiement, avoir réservation, hébergeur, réservez, voyage privé, tour opérateur"
21,"emballage, emballé, bien emballé, très bien emballé, emballages, bien, emballage très, très bien, bien emballe, déçu emballage, emballage arrivé, emballage bien, léger, emballage peu, qualité emballage"
22,"bien passé, passé tout, bien passé tout, passé, très bien passé, tout bien passé, tout bien, tout très bien, passé tout très, tout très, passé tout bien, très bien, tout, bien, passe"
23,"qualité, vêtement, bonne qualité, vetements, bonne, médiocre, qualité bonne qualité, taillent, qualité qualité, qualité bonne, mauvaise qualité, qualité sous, qualité qualité médiocre, bonne qualité vêtement, qualité concerne"
24,"noël, noel, cadeau, cadeau noël, cadeaux, offrir noël, cadeau noel, cadeaux noël, offrir, nöel, enfants, avant noël, fille, celles ceux, jour cadeau"
25,"arrivé, état, jamais arrivé, arriver, arrivée, arrive, bon état, déjà arrivé, peut arriver jamais, arriver jamais arrivée, arriver jamais, peut arriver, état arrivé, ça arrive, arrivée bon état"
26,"commandé, chaussettes, commandé deux, deux, pairs, testoni, da, deux commandé, deux commandées, jacadi, couleur commandée, commandées, 2ème fois, donc rien, voulais"
27,"chinois, chine, made in, made, in, china, made in china, in china, chinoise, marques, fabriqué, fabriqués, venant, bas gamme, étiquette"
28,"taille, pointure, nike, new, jolies, new balance, superbes, commandé, taille petite, refais, balance, acheté, commandé très, reçu, prix défiant"
29,"marque, marques, cette marque, marque marque, qualité marque, marque recommande, marque confiance, faire preuves, forcément connue, marque forcément, marque forcément connue, cette, nom marque, recommande cette marque, marques proposées"
30,"voleurs, voleur, voleurs voleurs, bref voleurs, voleur voleurs, voleurs fuir, racontent, menteur voleur, gros gros, vrais voleurs, gros voleurs, bravo, menteur, gros, volé"
31,"pull, pulls, commandé pull, laine, blanc, pull blanc, acrylique, pull très, commandé, cachemire, nom, rib, fois jai acheté, déçue pull, laine réception"
32,"mars, début mars, mars toujours, mars 2020, mars 2021, fin mars, 2020, début, avril, 25 mars, 21 mars, mars commandé, fin, 27 mars, 11 mars"
33,"sérieux, sérieux sérieux, sérieux tout, manque sérieux, sérieuse, tout sérieux, sérieux malgré, sérieux doute, sérieux malgré plusieurs, avant sérieux maintenant, merci sérieux, sérieux maintenant, bla, avant sérieux, vraiment sérieux"
34,"incompétents, incompétence, incompétent, sav incompétent, bande, beaucoup beaucoup, incompétences, incompétence totale, absence, aucune, traîner, sans aucune, responsabilité, menteurs, sav"
35,"modèle, modèles, bon modèle, model, déçue modèle, modèles différents, car modèles, très déçue modèle, moitié cuir, mauvais modèle, deux modèles, photo, modèle reçu, different, modèle très"
36,"merci, merci merci, merci beaucoup, bien merci, continuation, bonne continuation, continuez, bonne journée, continuez comme ça, continuez comme, beaucoup, beaucoup bonne, très bien merci, merci tout, rien dire"
37,"déception, déception déception, grosse déception, déception totale, totale, quelle, déception quelle, quelle déception, déceptions, grosse, quelle déception quelle, déception quelle déception, déception déception déception, totale déception, déception perte"
38,"honte, honte honte, honteux, honte fuir, vraiment honte, honteux honte, honte plus, fuir, honteux honte fait, honteux pointée, honteux pointée mains, honteux arnaque allez, honteux honte écœurée, honteux arnaque, honteux tout"
39,"paypal, litige, litige paypal, ouvert litige, faveur, remboursement paypal, compte paypal, chez paypal, via paypal, ouvert, litiges, remboursé, ouvert litige paypal, paypal donc, souci paypal"
40,"veepee, veepee plus, veepee terminé, veepee veepee, veepee plus jamais, veepee devenu, terminé, veepee décharge, déçue veepee veepee, bravo veepee, bientôt veepee, acheter veepee, auprès veepee, voyagiste, déçue veepee"
41,"pâtissier, mixeur, valeur 400, laveur, 400, affaire, valeur, aucunes réponses, réponses, batteur, kitchenaid, répètent, euro, répond attentes, mauvaise couleur"
42,"rapport qualité, rapport, bon rapport, bon rapport qualité, rapport qualité prix, qualité prix, très bon rapport, très bon, bon, qualité, rapport qualité très, qualité très bon, prix, qualité prix très, qualité prix bon"
43,"canapé, angle, canapés, canapé angle, convertible, acheté canapé, achat canapé, pieds, cuir, commande canapé, assise, 2019, canapé cuir, convertible valeur, celui ci devait"
44,"expérience, mauvaise expérience, mauvaise, experience, dernière expérience, très mauvaise expérience, expériences, cette expérience, expérience donc, faire expérience, expérience pense, première dernière expérience, très mauvaise, négative, expérience très"
45,"main, isotherme, beau, cuir, petit isotherme, renard, main très, très beau, petit, poche, grand, odeur, superbe, qualité, part tache colle"
46,"grade, ipad, commandé ipad, grade reçu, défectueux, acheté, gb, batterie hs, décide acheter, 11, catégorie, reconditionnement, offert, commandé, état"
47,"lit, tête lit, tête, parure, parure lit, coussins, linge, linge lit, sans tête, coussins reçu, litige, après litige, acheté lit, monter, litiges"
48,"trottinette, électrique, trottinette électrique, acheté trottinette électrique, acheté trottinette, circuit, électriques, trottinettes, cette trottinette, zigo, marque urbanglide, trottinette frais, renvoyer trottinette, renvoyer trottinette frais, oxydée"
49,"belles, toute contente, éclaboussures, sandale, attaches, marque très, attache, pointure, toute, semelle, famille, beaucoup moins, très belles, petit, 39"
50,"professionnalisme, manque professionnalisme, professionnel, manque, merci professionnalisme, professionnelle, professionnalisme manque, tout professionnel, aucun professionnalisme, professionnalisme tout professionnel, professionnel merci professionnalisme, professionnel tout, professionnalisme tout, professionnel merci, quel manque professionnalisme"
51,"inadmissible, inadmissible inadmissible, inadmissible trouve, ça inadmissible, trouve ça inadmissible, trouve cela inadmissible, cela inadmissible, trouve, trouve cela, inadmissible trouve ça, trouve ça, simplement inadmissible inadmissible, inadmissible prix, inadmissible tout simplement, inadmissible tout"
52,"rappeler, rappel, rappelle, toujours appel donc, après toujours rien, appel donc, toujours appel, toujours rien, vs, va rappeler, toujours, or rien toujours, rien toujours rappeler, vs rappelle, prsn"
53,"bagues, pierre, or, doigt, fine, diamant, très fine, carat, argent plaqué or, argent plaqué, photo, plaqué or, plaqué, photos très, traces"
54,"nickel, nickel rien, tout nickel, nickel nickel, nickels, dire tout nickel, nickel rien redire, nickel donc, nickel rien dire, produits nickels, emballage nickel, tout nickel produits, nickel livraison, nickel produits, nickel taille"
55,"description, conforme description, description conforme, description conforme description, description correspond, conforme description conforme, conforme, correspond, conforme description correspond, qualité conforme, correspond description, conformes description conforme, description correspond description, belle qualité conforme, qualité conforme description"
56,"première fois, première, fois première, première fois première, fois première fois, fois, arrive première, fois cela arrive, cela arrive, fois cela, première fois cela, déçue première, cela arrive première, déçue première fois, arrive première fois"
57,"créoles, colliers, gémeaux, épaisse, très bas gamme, erreur livraison, très bas, fermoir, signe, très, bas gamme, offert, plutôt triste réalité, toujours grossies, fines partie argentée"
58,"consommateurs, association, consommateur, associations, association consommateurs, défense, défense consommateurs, associations consommateurs, consommation, appel association consommateurs, appel association, consommateurs vais, droits, association consommateur, droit consommateurs"
59,"dommage, dommage dommage, dommage car, tout dommage, quand dommage, dommage déçue, marque dommage, dommages dommage, dommage bien, dommages, faux espoir dommage, fois ci dommage, fois dommage, fard paupieres, heureusement renvoie tout"
60,"temps, voir temps, temps voir, temps voir temps, combien temps, temps cela, combien, voir, combien temps cela, arrivé temps, temps arrivé temps, verra temps voir, cela va durer, temps arrivé, verra temps"
61,"scandaleux, scandale, scandaleuse, scandaleux scandaleux, simplement scandaleux, juste scandale, scandale scandaleux, commande scandaleuse, tout simplement scandaleux, trouve ça scandaleux, ça scandaleux, honteux, cela scandaleux, trouve cela scandaleux, nul nul"
62,"enfants, petits enfants, enfant, petits, ravis, survêtements, tous enfants, enfants ravis, petits enfants ravis, enfant ans, joie, cadeaux, parents, sous sapin, noël"
63,"matière, matière très, matières, déçue matière, agréable, matière matière, matière plus, matière matière très, matière déçue, matière déçue matière, coupe matière, matière agréable, déçu matière, matière qualité, bonne matière"
64,"attendais, conforme attendais, attendais conforme, attendu, attendait, exactement, attendais exactement, attendais conforme attendais, attendais tout fait, attendais tout, quoi attendais, attend, conforme, tout temps, quelque chose"
65,"fraudes, répression fraudes, répression, direction, direction générale, frauduleuse, générale, charlatans, saisir direction, sanctionner, comportement frauduleux, vais ouvrir, procédés, réfléchis, consommation"
66,"cadeau, cadeau cadeau, beaucoup cadeau, offre cadeau, cadeau donc, heureusement cadeau, merci beaucoup cadeau, heureusement cadeau cadeau, fidélité, cadeau fidélité, cadeau faire, plu, cadeaux, merci beaucoup, déballer cadeau"
67,"habitude, comme habitude, comme, habitude comme habitude, parfait comme habitude, habitude comme, comme habitude très, habitude très, parfait comme, comme habitude comme, bien comme habitude, très bien comme, bien comme, habitude rien dire, habitude rien"
68,"covid, coronavirus, cause covid, cause, bon dos, période covid, période, annulé cause covid, covid covid, covid bon, virus, annulé cause, annulé, dos, covid19"
69,"coup, coup coup, commande 230077467, 230077467, ça vaut, coup vais, ça vaut coup, vaut coup, vaut, coups, refuser, inadmissible fuyez première, haut douchette petit, inadmissible fuyez, lorsqu reçu mal"
70,"affaires, bonnes affaires, bonnes, affaire, final, affaires final, faire affaires, pense faire, affaires très, bonnes affaires final, très bonnes affaires, faire bonnes, faire bonnes affaires, très bonnes, couches"
71,"renvoyer, renvoyer donc, vais renvoyer, renvoyer vais renvoyer, renvoyer donc renvoyé, renvoyer vais, avoir autre, renvoyées, renvoyer car, donc renvoyé, renvoie, renvoyé, remplacement bien sentie, remplacement bien, renseigner grave"
72,"cuisine, casseroles, cook, farine, paquets farine, cook angel, angel, batterie cuisine, cassées, meubles cuisine, gluten, glaçon cassé, glaçon, arthur martin, batterie"
73,"adresse, adresse livraison, changer adresse, changer adresse livraison, changer, peuvent changer adresse, adresse commande, livré adresse indiquée, peuvent changer, livré adresse, peut changer, peut changer adresse, ni annuler, adresse indiquée, faire changement"
74,"porter, porter plainte, agréable porter, plainte, agréable, bien agréable porter, porter impossible, bien agréable, hui porter plainte, aujourd hui porter, porter impossible porter, hui porter, pourrais porter, porter très, porter plainte escroquerie"
75,"informé, informée, tenir informée, informations, information, savez, tellement, donnée, informe, informatique, tenir, informer, informé amont jours, informé amis, informé vente"
76,"société, cette société, réseaux sociaux, sociaux, réseaux, société bien, donc société, cette, clique, societe, pub, problèmes espère, problèmes espère société, pub assurée, prendre sous"
77,"tv, meuble tv, meuble, home, home cinéma, cinéma, commande meuble tv, commandé meuble tv, commandé meuble, commande meuble, meuble tv table, meuble tv arrivé, tv table, ensemble home, tv arrivé"
78,"très contente, contente, contente très, contente très contente, très contente très, content, content très, très content, bien très, fils très content, très content très, très contente contente, contente fils très, très contente fils, contente contente"
79,"paquet, paquet arrivé, paquet arrivé ouvert, bien paquet, arrivé, ouvert, lettres, grammes, poste, arrivé ouvert, portail, boite lettres, paquets, mis, poste locale"
80,"chaise, chaises, chaise manquante, si fin, acheté chaises, manquante, deux chaises, débrouiller, celà, recommande chaises pieds, endroit accoudoir, endroit accoudoir où, enfants dont peut, enfants dont, reliait"
81,"soleil, guess, avis si, reçu copies, avis si reçu, reçu copies contrefaits, copies contrefaits, copies contrefaits lors, contrefaits lors cette, alors avis si, contrefaits lors, si reçu copies, lors cette, commandé soleil, lors cette commande"
82,"disney, séjour, disneyland, séjour disney, hôtel, disneyland paris, paris, parc, personnes, vers disney, voyage, mari, modifier, new, vers"
83,"plus plus, plus plus plus, plus, plus plus déçu, plus déçu, plus plus nul, déçu plus plus, nul plus plus, déçu plus, nul plus, plus nul, demander plus, dix, déçu, nul"
84,"ensemble, bien ensemble, très bien ensemble, ensemble très, bien ensemble très, ensemble très bien, ensemble ensemble, bien ensemble ensemble, très bien, bon ensemble, bien, lit dommage, trop grand verra, lit dommage car, haut légèrement trop"
85,"malheureusement, malhonnête, malheureusement trop, fait malheureusement, très malhonnête, malhonnêteté, malheureusement plus, malheureusement plus déteste, malheureusement malgré demande, malheureusement trop tard, malheureusement trop grand, malhonnête extrêmement, malhonnête extrêmement déçue, malhonnête malhonnêteté, malhonnête malhonnêteté mauvaise"
86,"publicité, publicité mensongère, mensongère, mensongère publicité mensongère, mensongère publicité, publicité mensongère publicité, publicité mensongère vol, mensongère vol, publicités mensongères, publicités, mensonge, mensongères, vol, recommande tout, mensongères veepee"
87,"garde quand, garde, quand garde, garde quand garde, quand garde quand, bon garde, quand, bizarre, offrir mêmes motifs, truc bizarre, peu cellulite, persiste garde, persiste garde quand, être jamais troisième, mêmes prochainement gardé"
88,"magnifique, magnifique magnifique, magnifique très, magnifique très très, juste magnifique, magnifiques, magnifique produit, vraiment magnifique, magnifique vrai moche, magnifique très design, magnifiques magnifique, magnifiques magnifique très, magnifiques reçu, magnifique vrai, magnifiques reçu commande"
89,"rien redire, redire, parfait rien, parfait rien redire, tout parfait rien, parfait, rien redire parfait, redire parfait, redire tout, rien redire tout, redire parfait rien, tout parfait, dire tout parfait, rien, parfait rien dire"
90,"expédition rapide, expédition, rapide, expédition rapide produits, rapide expédition rapide, rapide expédition, expédition rapide expédition, rapidité expédition, expédition très, rapide produits, napapijri passée jour, napapijri passée, marquées, mouche sans compter, offre expédition"
91,"rien dire, parfait rien dire, parfait rien, dire, rien dire rien, dire rien, rien dire parfait, dire parfait, dire rien dire, parfait, dire parfait rien, rien, dire parfait parfait, parfait parfait rien, rien dire juste"
92,"jeans, commandé jeans, jean, pepe jeans, pepe, taillés, pantalon, jeans trop, jones, jeans taillés petit, jeans stylés plupart, jeans trop petite, jones reçu, jeans colis, jeans stylés"
93,"fille, fille ravie, ravie, fille fille, fille très, petite fille, tenue, ravie fille, fille fille ravie, etais, petite, gardé fille fille, galèré trouver autre, gardé fille, grands fille"
94,"déçue très déçue, déçue très, très déçue très, très déçue, déçue, déçue extrêmement, très déçue extrêmement, très, très très déçue, très très, déçue évidemment très, déçue évidemment, évidemment très, déçue très très, présent disponible"
95,"commentaires, commentaire, espère commentaire, commentaires précédents, autres commentaires, précédents, laisser commentaires, jusqu possible enfin, jusqu possible, laisser commentaires là, lire autre, laissé commentaire instagram, lire autre commentaire, incident isolé croire, lisant peu"
96,"confinement, période, période confinement, après confinement, avant confinement, durant confinement, cas confinement, durant, plein confinement, pendant période confinement, pendant période, très pratique durant, long commande mise, livrés confinement, mai hors organisateur"
97,"fermeture, fermeture éclair, éclair, anse, petit défaut, cassée, défaut, couture, fermer, fonctionnait mal prix, frontale gênante juste, fonctionnait mal, fermoir cassé autre, frontale gênante, haut biais"
98,"négatifs, avis, avis négatifs, négatif, commentaires négatifs, avis négatif, commentaires, mettre avis négatif, négatifs viens, avis très positif, avis très, très positif, mettre avis, tous avis, positif"
99,"rapide produit conforme, rapide produit, produit conforme, livraison rapide, livraison rapide produit, produit conforme livraison, rapide, conforme livraison, conforme livraison rapide, conforme, attentes livraison rapide, attentes livraison, livraison rapide livraison, produit, conforme attentes livraison"
100,"service dégrade, dégradation, dégrade, plus plus, déplorable constate, service dégrade plus, qualité service, dégrade plus plus, dégrade plus, degrade, services, service, service plus, constate, dégradation service"
101,"arrivées, mortes, terre, arrivées mortes, terre partout, plants, cm, partout, frais port gonflés, irrécupérable commandé quelques, franchement terribles, franchement terribles plants, fruitiers, très belles images, fruitiers grimpantes"
102,"batterie, chargeur, sans fil, fil, déclaré, tout abord, grade, seul, abord, fil tout, moto arrivé, mois sans tout, mettre autre commandé, mettre autre, marchait recois enfin"
103,"tout recommande tout, tout recommande, recommande tout, recommande tout recommande, recommande, tout, tout conseille, conseil tout, rien tout, recommande tout crois, recommande tout conseille, recommande malgré tout, recommande malgré, recommande alors tout, rien tout conseille"
104,"promo, code promo, code, coupon, promotion, codes, bénéficier code, photoweb, rendue compte, rendue, enregistré, valider, bénéficier, payés plein, passé jour commande"
105,"correspondent, articles correspondent, correspondent bien, correspondent description articles, conditions éligibilité, éligibilité, attentes correspondent, correspondent attentes correspondent, correspondent bien attentes, description articles correspondent, bien attentes très, attente articles correspondent, articles, articles correspondent exactement, articles correspondent attentes"
106,"conforme photos, photos, conformes photos, produit conforme photos, conformes, produit conforme, produits conformes photos, produits conformes, conforme, conforme photos produits, produit conforme image, photos produits, conforme image, photos fines, photos bon marchandise"
107,"moque, monde, moque moque, planète, planète moque, moque monde moque, monde moque, moque monde, tout monde, moque peu monde, moque moquez monde, moque moquez, moque moque moque, moque moque moquez, moque vient"
108,"promos, promotions, promo, promotion, fausses, fausses promos, promo juste, fausses promotions, fausse, quand commande, nouvelles démarque quand, nouvelles démarque, nombreuses fausses promotions, nombreuses fausses, parfois trompeuses"
109,"dgccrf, auprès dgccrf, tribunal, saisir, dgccrf vais, saisir dgccrf, plainte auprès dgccrf, plainte auprès, abus, groupe, juridique, vais, auprès, action, pratiques"
110,"tissu, tissus, qualité tissus, qualité tissu, espérais, qualité, qualité espérais, qualité couture tient, produit car tissu, qualité espérais meilleure, qualité semblent, qualité finition décevante, qualité semblent solides, prix qualité tissus, qualité tissu confort"
111,"respectés, délais respectés, délais, respecté, délais non, délai respecté délais, respecté délais, délais non respectés, délai respecté, non respectés, non respecté, respecter, soucis respectez, persévérance délais indiqués, non respecté mois"
112,"chemin, passez, passez chemin, conseil passez, conseil passez chemin, passer chemin, conseil, passé chemin, passer, si voulez, voulez, désormais, jour demande, janvier chez vente, jour demande remboursement"
113,"infinity, abonnement, abonnement infinity, service infinity, domicile, offre infinity, livraison domicile, adhéré, 0e, infinity 20, carte infinity, relais non, point relais non, avoir payer, souscrit"
114,"surprise, surprise surprise, grande surprise, surprise deux solutions, être taxé grande, surprise deux, surprise donc gâchée, surprise donc, mois retard content, moindre retour fait, modèle surprise constater, moindre retour, modèle surprise, micro tasses commandé, micro tasses"
115,"métal, assise, metal, fauteuil, métallique, couvercle, boîtes, bois, montage vis écrous, métal fixée adhésif, métal fixée, métal déjà oxydé, métal déjà, metals clé alène, métal creux boîtes"
116,"collection, collection irl, irl, satisfaite collection, très satisfaite collection, satisfaite collection irl, irl très, catalogue, collections, irl collections, irl hauteur, irl collections irl, irl collection, irl collection grossesse, irl mis"
117,"meuble, meubles, meuble occasion, meuble si, meuble livré, occasion, planches, meuble vaet, meuble vaet passe, meubles caisses, meubles caisses bois, meubles propres, meuble tv poste, meuble si tout, meubles reçus"
118,"sweat, jogging, qualité sweat, jogging très, reçu sweat, sweat capuche, commandé sweat, nasa, capuche, petit sweat diesel, petit taille noté, photo portait, petit sweat, petit qualité sweat, photos joggings"
119,"économie, faire économies, économies, économique, écologique, plus 50, mode, société consommation, sous retiens, société consommation ça, livraison ceux, sinthetique fait autant, livraison économique, livraison ceux transport, livraison économique raccroche"
120,"amazon, amazone, bye, livraisons amazon zalando, livraisons amazon, jusqu 30, livré lendemain non, longtemps puis vérifiant, mai prenez, mai prenez exemple, malheureux dire, malheureux dire concurrents, livré lendemain, livraison sav malheureux, moin cas souci"
121,"top, top top, top tout, top tout top, tout top, top top tout, top merci, orna, original vraiment, orna faro, paraît beaucoup plus, original vraiment top, mille fois bon, merci salutations top, photo fois peu"
122,"protection, aucune protection, carton, cartons, sans aucune protection, protection carton, protection mis, traversin, sans aucune, aucune, housse, livré sans carton, livreur entassé carton, livré cassé dommage, mal fermé complètement"
123,"solutions, solution, résolu, solutions alternatives, alternatives, problème résolu, solution proposée, problème, trouver solution, proposée, pu être, avis, quand suite surtout, ravie apprendre réponse, ravie apprendre"
124,"matelas, matelas reprend, matelas faire, reprend, shoroom, acheter autre, sommier, matelas vois, matin quel dommage, matin quel, matelas vois prends, matelas va être, matelas va, matelas livré enroulé, mois constater matelas"
125,"tribunal, justice, action justice, judiciaire, plainte tribunal, action, plainte, porter plainte, instance loi, recours possible après, intenter action justice, intenter action, instance loi prévoit, recours possible, jours nouvelle"
126,"client inexistant service, incompétent, inexistant service client, incompétent service client, incompétent service, inexistant service, service client, service client inexistant, client inexistant, client, client nullissime, service client nullissime, nullissime, service, inexistant"
127,"attention, bien attention, faire bien attention, attention attention, bien attention attention, faire bien, prudents, fuyez, fuyez fuyez, plus attention, faites, faites attention, merci attention, merci attention faire, loa prochaine fois"
128,"beige, rose, rouge, noir, écru, alors commandé, blanche, partie blanche, déteint partie blanche, déteint partie, alors commandé noir, écru beige, commandé noir, déteint, partie"
129,"dimensions, cm, 250, rideau, grand cahier, grand cahier entre, hauteur après, hauteur après mesure, horloge ben pareil, horloge ben, ironique, ironique devons, gris rouge 60, fait 190, là assurer"
130,"retrouve, coup retrouve, coincée, hôpital, retrouvé, retrouve donc, nouvelles demande pourrait, nouvelles demande, noires retrouve cette, noires retrouve, passé attendant, paris retrouvée mains, paris retrouvée, passé attendant retour, peu déçue retrouver"
131,"colère, très colère, colère très colère, colère très, colere, vraiment colère, très colère vraiment, hyper déçue part, incompréhension colère, faveur incompréhension, faveur incompréhension colère, être excédée, explose colère colère, incompréhension colère très, explose colère"
132,"politique, politique retour, revoir, politique retour revoir, retour revoir, revoir politique, politique retour va, politique retours, politique retour simplement, politique retour avantage, politique livreurs modifier, politique retours faut, politique savais, politique savais politique, politique ceux"
133,"anniversaire, cadeau, cadeau anniversaire, cadeau fête, fête, anniversaire fille, cadeau fête pères, mères, car cadeau anniversaire, fête mères, car cadeau, fête pères, pères, fille, fêter anniversaire jamais"
134,"turn, re turn, re, turn veepee, re turn veepee, système re, système re turn, système, turn éviter, complexe, utilisez, veepee, ré, re turn re, re turn éviter"
135,"signaler, rien signaler, signaler rien, particulier, particulier signaler, rien particulier signaler, rien particulier, rien signaler rien, particulier signaler rien, rien signaler tout, signaler rien signaler, signaler tout, signaler particulier rien, signaler particulier, signaler tout bien"
136,"absolument, recommande absolument, fuir absolument, absolument recommande, absolument recommande absolument, recommande absolument recommande, recommande, fuir, fuiiiiiiiir absolument contrefaçon, fuiiiiiiiir, fuiiiiiiiir absolument, eviter absolument aucun, entreprise suivre donc, entreprise suivre, fuire absolument"
137,"prestation, prestations, cette prestation, prestation très, pis paiera, pense dernière suite, pis paiera plus, place cela, pleine confiance, place cela fait, pleine confiance vendez, plus cher cette, plus place cela, peux utiliser bien, plusieurs colis commandés"
138,"pyjama, pyjamas, passé commande pyjamas, seulement lieu, parfait bonne taille, xl ravie pyjamas, parfait bonne, seulement lieu autres, non elles vraiment, obligé renvoyer article, non elles, niveau animaux haut, niveau animaux, reçu bodies bretelles, stocks bout"
139,"barbecue, canapé, commandé canapé, bonjour commandé canapé, coté, commandé canapé vente, canapé vente, plus jamais vente, logement, jamais vente, cauchemar, camping, bonjour commande, bonjour, bonjour commandé"
140,"privée plus, privee plus hauteur, dommage privée, plus hauteur, privee plus, privée, privee, polie alors merci, polie alors, plus plus déplorables, plus hauteur succès, plus hauteur débuts, être prise ps, société privée souhaite, plus déplorables"
141,"achat frais livraison, bon achat frais, achat frais, contenu, féminine coup retourné, hontea cela répond, intelligent mettant, hygiène féminine coup, hygiène féminine, intelligent mettant bon, jour reçois deux, interlocuteur commande haircare, interlocuteur commande, hontea cela, livraison non sens"
142,"hélas, heureuse, heureusement, heureuse avoir connus, heureuse heureusement congé, heureuse heureusement, heureuse hélas, heureuse hélas dû, heureusement congé, heureusement congé pu, heureusement juste, heureusement juste après, heureusement penser, heureusement penser heureusement, heureusement ça"
143,"suite, attends suite, suite attendons, attendons suite, suite attendons suite, sans suite, attendons, attends, tout suite, suite attends suite, sans suite attends, suite cet unième, renvoyé attends, sollicitations reste sans, sans suite attendons"
144,"jamais problème, aucun problème, problème, problème jusqu, jamais aucun problème, jamais problèmes, jamais, jamais aucun, jusqu présent, là commanderai plus, patience également aucun, patience également, nouvelles saisirais justice, nouvelles saisirais, jusqu présent là"
145,"silence radio, radio, silence, client silence radio, client silence, service client silence, radio depuis, silence radio depuis, depuis 12, jour silence, répond veepee faire, jour silence radio, moment où besoin, jamais porter dont, lamentable jour"
146,"logistique, logique, problème logistique, problèmes logistiques, logistiques, logistique livrée part, logistique jour tres, logistique livrée, logistique gros problème, logistique jour, logistique gros, logistique fréquentes jour, logistique prends initiative, logistique totalement, logistique entrepôt erreur"
147,"dyson, v11, dyson v11, commandé dyson, commandé dyson v11, acheté dyson, 10 2020, devait, devait être, octobre, devait être livré, dyson socle juin, dyson socle, dyson v11 reste, quand acheté dyson"
148,"escrocs, bande, escrocs escrocs, escroc, etes, honte etes, gros escroc gros, gros menteur, gros menteur ayer, gros escroc, gens fait, gens fait découverte, fait découverte, etes menteurs, fait découverte gros"
149,"hâte, encore utilisé, utilisé, utiliser, être cet porter, hâte essayer hâte, hâte savoir, hâte savoir vont, hâte utiliser, hâte utiliser encore, hâte voir mauve, hâte être, utiliser encore utilisé, hâte recevoir hate, utiliser encore"
150,"commerçant, commerciaux, tout commerçant, commerçants, gagne comme, être estimation lots, font affaire, réveurs ex, fer font affaire, fer font, réveurs ex soldeur, réveurs, font affaire vie, gagne comme casino, sans aucun stress"
151,"importe quoi, importe, grand importe quoi, grand importe, quoi, importe quoi importe, quoi importe quoi, quoi importe, importe quoi grand, quoi grand, grand, quoi grand importe, quoi dernière commande, peu importe offre, quoi contre depuis"
152,"étiquette, dessus, remise promo, remboursement imagine ca, remboursement imagine, plombes étiquette, remboursement bon puisqu, relancer quand remboursement, relancer quand, quelqu va achat, quand remboursement bon, quand daigneront envoyer, quand daigneront, remise promo réalité, pécunier quelqu va"
153,"plastique, emballé sachet, plastique emballé sachet, plastique emballé, sachet, sachet plastique, pompe pleine liquide, pourrez faire, poches zip plastique, pompe pleine, poches zip, pourrez faire affaires, pourri tout, pourri tout fin, plié sinon"
154,"années, problème depuis, depuis années, annees, depuis, 10 ans, fidèle depuis, ans, depuis plus 10, plus 10 ans, inscrite depuis années, jamais problème depuis, lamentableclient, envois lamentableclient régulier, historique ventes"
155,"maintenant, jusqu maintenant, voir ailleurs, installer maintenant maintenez, installer maintenant, ça vol tout, ouvrir maintenant, objet jamais mains, jai bon, nul maintenant jusqu, jai bon maintenant, nul maintenant, ouvrir maintenant maintenant, parfait plus installer, jamais mains comme"
156,"balai, très heureuse, heureuse, accessoires, manque aspiration, lourd peu bruyant, livré 04 07, lourd peu, limitée reçu, limitée reçu commandé, jamais fonctionné commandé, jamais arrivé année, irobot accessoires demandé, fonctionnaient rien dire, irobot accessoires"
157,"réduction, réductions, réductions annoncées, surévaluées réductions, surévaluées, annoncées, bonne affaire, réduction donc fait, réduction mensonge, rarement réductions annoncées, quoi euro réduction, réduction fait rarement, réduction mensonge réduction, payé vérifiez, près annoncé aime"
158,"pub, faire pub, très mauvaise pub, vais faire, mauvaise pub, faire très, 2006, volé, faire, parmi plus grand, partout autour alors, passe comme commande, passer liquidation, partout autour, passer liquidation judiciaire"
159,"flacons, flacon, colis flacon, deux flacons, emballage, également prenant photo, lenor, intérieur colis flacon, lenor recharges, lenor recharges swiffer, lors réception refuser, vidés reçu, également prenant, intérieur boîte, lorsque achète sérum"
160,"plateforme, plate, plateformes, plates, cette plateforme, plateformes étranger donnent, plateformes avis, plateforme sav parlons, plateforme sav, plateforme quel regret, plateforme quel, plateformes étranger, plateformes avis peut, personnes plateformes étranger, plateforme honte escroquerie"
161,"bien rien, très bien rien, bien rien dire, dire très bien, bien rien redire, rien dire, très bien, rien dire très, dire très, redire très bien, rien redire, redire, redire très, rien redire très, rien"
162,"jolie, très jolie, jolie veste très, veste très jolie, jolie veste, veste très, tres jolie, jolie très jolie, très jolie veste, jolie très, veste, jolie sinon quelle, jolie sauteuse rose, jolie sinon, jolie tres jolie"
163,"articles top, top, article super, super article, top articles top, top super, top articles, super, super service, articles, finitions articles, déçue annulé article, top plus elles, elles soignées articles, vite livrés"
164,"vacances, boulot, surtout allait chez, informé tapez tout, informé tapez, voisin rentrant boulot, surtout aller, informer fuyez veepee, surtout aller plusieurs, informer fuyez, indispensable vacances arrive, indispensable vacances, surtout reposez, haut fille prevu, haut fille"
165,"reçu temps, avance, temps reçu temps, reçu bien avance, avance reçu temps, avance reçu, reçu temps reçu, avance top, bien avance, temps reçu, reçu bien, reçu avance, temps, reçu, conclusion plus avancée"
166,"ras, ras tout, parfait ras, ras tout parfait, tout parfait ras, tout parfait, parfait ras tout, parfait, ras ras, ras ras tout, ras toujours, parfait ras toujours, tout, équipe ras tout, ras toujours aussi"
167,"porte, cerise, portefeuille, cerise gâteau, gâteau, porté, porte très fort, portefeuille cerise, porte serviette, porte serviette attache, porte monnaie inutilisable, porte meuble cuisine, porte complètement arrachée, malgré tout rendu, porte complètement"
168,"center, parc, center parc, séjour, center parcs, parcs, réservé, réserver, assurance, balle, parc ouvert, parc mois janvier, parc mois, parc fermé portes, parc suite"
169,"comprends, comprends comprends, rien comprendre, comprendre, rien inacceptable comportement, rien inacceptable, rien comprendre comprends, pourquoi lasse comprendre, pourquoi lasse, pourquoi comprend comprends, pourquoi comprend, plus rien inacceptable, rien comprendre rien, contente comprends, lasse comprendre"
170,"éviter, éviter fuir, tout prix, éviter tout prix, vraiment éviter, éviter tout, fuir, oublier éviter, prix fuir, fuit éviter fuir, vraiment éviter éviter, oublier éviter avenir, vraiment éviter fuir, fuit éviter, pris évitez"
171,"internet, 143, pire revendeur, parasites internet site, parasites internet, là voit internet, là devrait être, là devrait, limites premiere fois, limites premiere, jamais aucun achat, internet trouvé internet, internet trouvé, internet site là, internet site"
172,"toute ligne, impeccable, toute ligne impeccable, ligne impeccable, ligne, impeccable tout, toute, temps correctement, impression robustesse lorsqu, impression robustesse, ligne bien arrivée, impeccable toute ligne, impeccable tout point, impeccable toute, ligne impression"
173,"cigarette, mésaventures, vapeur, poubelle tiendrai, mains partie, plusieurs relances mois, partie direct poubelle, passée 26 août, où décide utiliser, partie direct, old school vape, old school, odeur nauséabonde cigarette, poubelle tiendrai informé, nauséabonde cigarette mésaventures"
174,"fournisseur, faute fournisseur, fournisseur peut, faute, recommanderai chez fournisseur, quand appeles jamais, protège honte car, quand appeles, privée informe fournisseur, protège honte, pouvait fournir déçu, pouvait fournir, peut réexpédier deuxième, peut réexpédier, peut renvoyer kit"
175,"sanitaire, situation sanitaire, sanitaire actuelle, situation sanitaire actuelle, lente dû, lente dû situation, dû situation sanitaire, très lente dû, dû situation, très très lente, très lente, livraison très très, crise sanitaire, lente, sanitaire actuelle livraison"
176,"appli, désinstalle, application, désinstallé, désinstaller, désinstalle application, installez application, coup desinstalle appli, installez application pourriez, coup desinstalle, couleur donc dès, frais retour appli, installez, dernière commande veepee, confiance site choisi"
177,"supprimé, application, supprimer, supprime compte, supprime, compte, gros laissé aller, jamais application, jamais application vepeee, gros laissé, fini application supprimée, forme faire, forme faire bien, fini application, merci quand viens"
178,"yeux, yeux fermés, fermés, recommande yeux, recommande yeux fermés, mal fermé, yeux fermés mal, yeux fermés recommande, fermés recommande yeux, fermés recommande, fermés mal, fermé, mal, vite prochaine collection, très vite prochaine"
179,"machine, machine laver, laver, machine bien, milieu cuisine, machine différente, manquante machine sport, manquante machine, machine place engagée, machine sport, machine place, matin machine payée, matin machine, milieu cuisine énormément, machine payée 400"
180,"veste, attendais veste, épaisse, sp, vestes, cuir, redire jamais reçu, redire jamais, questionque veste contrefaçon, remboursent quand, remboursent quand veulent, rembourser sens, rembourser sens commander, questionque veste, renvoyé frais 15"
181,"buffet, commande buffet, commandé buffet, mai, terre, livraison mai, lequel aucun problème, livraison 25 mai, livraison fin juin, lequel aucun, juin télé, juin télé terre, journée meubles honteux, journée meubles, jamais rappelé commandé"
182,"réception, délai réception, livraison délai réception, livraison ôtés car, long réception, lors réception contante, long réception seul, ôtés car, marchandise top abîmé, mauvaise qualité réceptionnée, niche mauvaise, niche mauvaise qualité, qualité bonne livraison, février 2018 réception, qualité réceptionnée"
183,"trop, vraiment trop, trop tard, fera, trop fera rien, exagérez si pouvais, fera rien là, fera travailler, trop fera, fera travailler rien, grand correspond trop, trop exagérez si, trop exagérez, pouvais mis étoile, là trop vraiment"
184,"photos, photobox, photos meubles, calendrier, myphotobook, facturés, offre, contact service client, contact service, solutions, via site, frais port, service client, port, proposer"
185,"planches, bois, traces, qqs planches contient, mentionner fiche, mentionner fiche technique, qualité notice, mauvaises qualité notice, qualité notice déjà, rabotées, incrustées planche planches, incrustées planche, incrustées, visserie rien déballage, griffées meubles occasion"
186,"service produits, service produits très, produits service, produits très, produits très bonne, service fourni, résumé chouette application, excellent service produits, économies bien veiller, faire belles, faire belles économies, résumé chouette, fourni qualité, fourni qualité produits, renseigner produits intéressent"
187,"adore, adore adore, adoré, adoré tout, comme gant, vraiment adore recommande, cordialement tout parfait, donc prévenu, donc prévenu belle, gant adore, gant adore adore, vraiment adore, comme gant adore, toute adoré, guess tout cas"
188,"gorge, soutien gorge, soutien, soutient gorge, petit gorge, gorge très, soutient, poitrine, maintien, culotte, médiocre taille petit, médiocre taille, odeur chimique, mauvais maintien grosses, matière médiocre taille"
189,"combinaison, comblé, comble, là delais attendre, légère fait, 3enormes, longue autre étonnée, longue autre, livrer annule conseille, livrer annule, juste avoir quelques, importe quoi explique, là delais, légère fait imperméable, imperméable doublée"
190,"service merci, service merci service, merci service, beaucoup service, merci service merci, service merci beaucoup, merci beaucoup service, bon service merci, merci, service très, bon service, merci beaucoup, servez donc, quoi servez donc, merci service quoi"
191,"seule, seule cette, seule seule, parle boulots amis, penses seule faire, penses seule, rassure seule, rassure seule jamais, recommanderai seule, recommanderai seule bébé, remarque seule, remarque seule seule, rends compte seule, parle boulots, reçu seule plus"
192,"reste, reste ok, reste très bien, bien reste, reste très, sinon reste, reste ok reste, reste bonne qualité, reste bien reste, reste ok vaisselle, reste tout parfait, reste ras tout, reste vraiment, reste 30 minutes, reste vraiment revoir"
193,"retour gratuit, thermostat, gratuit, énergie, gratuits, peu fragile aliments, part temps acheté, écouter livraisons, normalement bonjour retour, normalement bonjour, étiquette thermos, mauvaise qualité cassé, marque thermostat eviter, écouter livraisons retours, malgré thermostat élevé"
194,"polyester, 100, 100 polyester, polyester alors, 100 cotton, coton, bio, cotton, lin, deux produits, regarde, mauvaise doublure délai, matière deux produits, mauvaise doublure, paris serge"
195,"poste, aller poste, suivi poste, déplacer, faute poste mal, viser juste cette, ici allez poste, insistent, insistent signalé, insistent signalé poste, journées donc, fermé faut, fermé faut faire, ici allez, juste cette poste"
196,"catastrophe, juste catastrophe, catastrophe depuis, lors passage service, girardagediss ça catastrophe, livraison vrai catastrophe, livraison girardagediss ça, livraison vrai, livraison girardagediss, livraison découvre alors, literie bellecour catastropheun, livraison découvre, juste catastrophe juste, mauvais literie, literie bellecour"
197,"amazon, asos, ah, juste mécontentement client, juste mécontentement, étoiles commande sp, litige amazon, leurs clients discuter, loin atteindre, litige amazon rembourse, loin atteindre niveau, lumières service, lumières service client, maintenant market, maintenant market place"
198,"dossier, dossier traiter, fois cette fois, encore fois cette, appel, fois cette, encore fois, fois toujours, appelé plusieurs, urgence, attends encore, traiter, appelé, promesse appel, rappelé nouveau toujours"
199,"lingerie, ensemble lingerie, bas, articles lingerie, lingerie qualité, secret, ensembles, ensemble, cest, prix font croire, prix font, frais port ensemble, font croire bénéficierez, propose rembourser article, gamme nul"
200,"livraison top, top livraison, top, super, top livraison top, avance super, super livraison, livraison super, livraison vêtement, livraison vêtement délais, livraison top relais, livraison top etait, livraison top avance, livraison top bien, plus tôt top"
201,"birkenstock, commande birkenstock, papillio, marque papillio, compensées, reçu marque, espadrilles, talon, marque, mules, confortables, jolies photo site, jour avance domicile, lieu birkenstock, livraison reçue jour"
202,"scotch, colis ouvert, scotch poste, recollé, ouvert, scotché, ouvert autre éventré, ouvert autre, éventré recollé scotch, manquait rien scotch, manipulation logistique faudrait, scotch bande, scotch bande garantie, manipulation logistique, lourds colis emballage"
203,"pieds, être pieds fins, peut supporter piedsmauvaise, peut supporter, quitter maternité, peu mal pieds, être pieds, quitter maternité pied, pense avoir pieds, pense avoir, non achete via, non achete, rendre pieds modifiant, modifiant bon erroné, modifiant bon"
204,"escroquerie, limite, limite escroquerie, çà lamentable, grande échelle escroquerie, gamme durée vie, honteux trouve çà, imitation gamme, échelle escroquerie, imitation gamme durée, limite demander, limite demander si, limite deux, limite deux vraiment, limite escroquerie escroquerie"
205,"enseigne, déconseille cette, déconseille, cette enseigne, déconseille cette enseigne, met découvert afrique, déconseille vivement alors, met découvert, découvert afrique, livrer agence belgique, découvert afrique fais, dégringolade, dégringolade cette, déconseille cette apli, dégringolade cette enseigne"
206,"bobochic, canapé bobochic, canapé, commandé canapé, canapé marque bobochic, commandé canapé bobochic, marque bobochic, canapé marque, sachant depuis commande, enseigne pleine déconfiture, délais annonce, île france, enseigne pleine, île france 91, sachant habite"
207,"auto, siège auto, siège, acheté siège, baby auto, acheté siège auto, sans base, baby, monsieur, joindre monsieur, limites intervention, jamais remboursé ex, frais port siège, joindre monsieur toute, livraison gratuite jai"
208,"camelote, camelotte, franchement tout devient, français camelotte, français camelotte prix, jolie arnaque pacotille, gifi autre, gifi autre camelots, vérifier marque, impossible monter franchement, laguiole fleuron, laguiole fleuron artisanat, mal coupés très, franchement tout, manquantes impossible"
209,"très mauvais service, mauvais service, service client top, client top, bon service client, mauvais service client, client très mauvais, service client très, très mauvais, client très, bon service, service client, mauvais service clientèle, top suivi, top suivi service"
210,"commerce, commerce ligne, loi commerce, loi commerce ligne, loi, marketplace, honnêteté, quelle, ligne, message aidera, modèles sortent, modèles sortent peut, nécessaire bref comme, nécessaire bref, marketplace base"
211,"dommage, étoile dommage, mettre, étoile, mettre zéro, zéro étoile dommage, dommage peux, dommage puisse mettre, dommage dommage, puisse mettre, mettre zéro étoile, zéro étoile, zéro, dommage puisse, peux mettre pourrais"
212,"concert, places, billets concert, billets, places concerts, concerts, acheté billets concert, places concert, acheté places, acheté billets, courrier, limite niveau, levé tôt, levé tôt rien, mains propres puissions"
213,"service re, service re turn, re turn, turn, re, nouveau service re, nouveau service, dénommée re turn, réponsej cliente site, réponsej cliente, loupé article, sans précédent, jour envoyé mail, loupé article 1ère, jour envoyé"
214,"pigeons, clients pigeons, prend clients pigeons, prend clients, site prend, prend, pigeon, trésorerie, clients, pigeons leurs, pigeons peut, pigeons laissez tenter, pigeons laissez, pigeons cette période, pigeons pris"
215,"médiocre, médiocre qualité, qualité médiocre, article médiocre, qualité article médiocre, qualité médiocre qualité, médiocre qualité article, articles qualité médiocre, qualité article, articles qualité, qualité, médiocre tout ça, médiocre réception articles, médiocre tout, plus médiocre mauvais"
216,"gens, prendre gens, idiots, gens idiots, prendre gens idiots, prendre, gens vraiment prendre, gens vraiment, gens peuvent perdre, grosse blague dégoûtée, idiots devrait apprendre, idiots devrait, gens peuvent, idiots pigeons arrêtez, idiots prévenir"
217,"étoile, mérite, mérite étoile, étoile mérite, mérité, ça mérite, note, mérité meme, méritée, méritée ca, méritée ca mérite, normalement note, mérite étoile étoile, mérite étoile mérite, note vaut"
218,"vol, franchement vol, vol donc vol, vol donc, donc vol, reçu lot incomplet, simplement honteux peux, x2 vol, si vol, simplement vol si, tout x2 vol, tout x2, si vol franchement, reçu lot, voilà tout x2"
219,"ordre, rentre ordre, tout rentre ordre, tout rentre, ordre ça, rentre, rentable, rentré, rentrer, doit être, rentable rappelle donc, rentre ordre faire, rentrait contre retours, rentrait contre, remboursements persévérance bonnes"
220,"photo, photos, lhorloge photo, lhorloge photo article, manière complète mannequins, lhorloge, malheureusement arrivée, malheureusement arrivée correspondait, manière complète, mannequins qualité, mannequins qualité na, montrent article, livré photo, livré photo correspondait, na rien"
221,"annulation, demande annulation, incapables fourvnir, impossible traiter conseiller, impossible traiter, ça bouge demande, très mécontente apprendre, hier annulation certains, hier annulation, fourvnir produits trouve, fourvnir produits, fourvnir, faites acheter précautions, faites acheter, faite mois pendant"
222,"pire pire, pire pire pire, pire, ca devient pire, pire pire depuis, veepee ca devient, pirej, devient pire, devient pire pire, pirej pire, pire vente privée, veepee ca, privée pire pire, pirej pire pire, pire pire vente"
223,"ravie, ravie ravie, là ravie, là ravie ravie, surprise ravie heureusement, redire ravie, patineuse superbe, patineuse, surprise ravie, patineuse superbe adore, plus ravie ravie, ravie bonne, ravie bonne surprise, ravie envisage, heureusement contenu bien"
224,"rapport qualité, rapport qualité prix, rapport, qualité prix, bon rapport qualité, bon rapport, rapport qualité livraison, rapide rapport qualité, rapide rapport, rapide, excellent rapport qualité, excellent rapport, qualité prix livraison, livraison rapide, qualité livraison rapide"
225,"qualité rendez, rendez, rendez qualité, qualité rendez qualité, rendez qualité rendez, qualité, soleil ocre qualité, tissus jamais, rendez qualité vendue, rendez qualité lacoste, vendue rendez, tissus jamais déçu, qualité rendez délais, vendue rendez plus, rendez déçue"
226,"nez, raccroche nez, raccroche, raccroché nez, raccroché, nez raccroche, raccroché nez raccroche, nez raccroche nez, nez sav met, nez énorme, parfois raccroche, nez sav, nez énorme raison, nice rock navrée, nez raccroché nez"
227,"code, places, livraison donc normalement, inscris code privé, inscris code, ensuite achat, inscris, grave ca arrive, grave ca, fonctionnel également malgré, fonctionnel également, fonctionne enfin code, fonctionne enfin, livreur moment, fonctionnait reconnu"
228,"font, font traîner, croire font, traîner, font genre appel, font mine écouter, font recherches vont, seulement essaient, font remonter font, semblant régler problème, font semblant régler, font traîner choses, font traîner longueur, font exprès moquer, font évidemment"
229,"authenticité, certificat, certificat authenticité, pochon, perte temps incroyable, papier bulle certificat, or site, or nombre carat, non conforme photos, or nombre, nombre carat diamant, nombre carat, or site document, garantie certificat authenticité, mis pochoir"
230,"millions consommateurs, millions, consommateurs, 60 millions, 60 millions consommateurs, 60, 50 millions consommateurs, 50 millions, avocat, savoir tout, faut déposer dossier, ferai savoir tout, savoir tout entourage, semaine irais, sinon propose"
231,"prochaine fois, prochain, prochaine fois irai, fois irai, prochaine, irai, cde, fois irai surtout, épisode prochaine, irai chez havainas, irai surtout voir, fois irai chez, fois commanderais ailleurs, fois avoir prochain, plus vigilante prochaine"
232,"responsable, tout jours responsable, jours responsable, tout jours, dossier, jour passe certain, jour rdv responsable, jour rdv, jours nouvelles non, énerver après, jours responsable appelle, jours responsable dois, jour passe, sais appelle, livrés attends"
233,"360 150, serviette, 360, serviette 105, 105 70, reçois serviette 105, serviette 105 70, reçois serviette, cm, 150, 105, dimensions, 70, démarche retour, erreur taille dimensions"
234,"début fin, début, parfait début fin, parfait début, fin, ete parfait début, fin impec, faillite cliente depuis, faillite cliente, fin impec début, fin problèmes, fin plus, fin satisfait, fin plus jamais, fin problèmes dès"
235,"brosse, dentelles, dents, panneaux verticaux séparation, perçage, perçage panneaux, motifs très gaie, panneaux verticaux, monter soi marque, motifs très, mauvaises qualités jolies, mauvais après premier, marque connue pré, manche toute decousue, manche toute"
236,"carton, ouvert, cartons, abîmé, carton carton, carton arrivé, carton tout, carton abîmé, carton ouvert, ouvert carton, colis carton, commande carton, emballage, vide, coulé"
237,"reçu commande, commande, reçu, ravie commande, commande reçu, commande chez, dernière, chez, commandé, ravie, jamais reçu commande, déçue commande, dernière commande, contente commande, toujours reçu commande"
238,"produit, produits, qualité, qualité produit, produit très, bon produit, produit produit, qualité produits, produits très, très bon produit, très, produit produits, très bon, bon, produits reçus"
239,"service, service après vente, service après, après vente, service client, client, vente, après, réactif, services, service livraison, client service, livraison service, service client service, nul"
240,"colis, colis arrivé, colis colis, arrivé, colis livré, livré, colis perdu, perdu, ouvert, relais, réception colis, colis très, état, colis ouvert, colissimo"
241,"site, commande site, commandes, commandes site, commande, dernière commande site, commandé site, dernière, site commande, fois, commandé, dernière commande, passé, années commande site, fois commande site"
242,"achat, bon achat, achats, bon, contente achat, ravie achat, contente, très contente achat, ravie, bon achat 10, achat ravie achat, achat 10, achat ravie, regrette, cet achat"
243,"remboursement bon achat, remboursement bon, demandé remboursement bon, bon achat plus, achat remboursement bon, achat plus fort, fort propose, fort propose remboursement, plus fort propose, propose remboursement bons, remboursement bons achat, remboursement bons, bon achat remboursement, plus fort, donc demandé remboursement"
244,"photo, photos, image, conforme photo, conforme, correspond, comme photo, comme photos, photo site, ressemble, photo conforme, conforme photos, rendu, photo correspond, identique"
245,"tout parfait, parfait, parfait tout, tout parfait tout, parfait tout parfait, parfait merci, tout parfait merci, merci tout parfait, parfait parfait, tout, merci tout, parfait merci tout, tout parfait parfait, merci, tout parfait sinon"
246,"livraison rapide, rapide, rapide produit, livraison rapide produit, rapide produits, produit livraison, rapide bon produit, produit, livraison rapide bon, produit livraison rapide, rapide bon, rapide livraison, qualité livraison, bon produit, qualité livraison rapide"
247,"contacter, contact, contacté, contacte, mail, sav, réponse, contacte sav, personne, ayoub, message, avoir, reçois mail, dit, bonjour"
248,"satisfaite, très satisfaite, satisfaite très, satisfaite très satisfaite, satisfait, très satisfaite très, satisfaite produit, très, très satisfait, très satisfaite produit, satisfait très, satisfaite merci, satisfaite produits, produit très satisfaite, très satisfaite produits"
249,"achat fait pendant, pendant covid font, donc connaissance, donc connaissance cause, covid font, font donc connaissance, fait pendant covid, font donc, pendant covid, covid font donc, fait pendant, connaissance cause, achat fait, connaissance, covid"
250,"showroom, showroomprive, showroomprivé, showroom privé, privé, commande showroom, commande, commandes, commandes showroom, chez, chez showroom, showroom commande, fois, chez showroomprive, com"
251,"livraison rapide, rapide article, livraison rapide article, rapide, rapide articles, articles conformes, livraison rapide articles, rapide articles conformes, conformes, articles conformes livraison, rapide article conforme, qualité livraison rapide, qualité livraison, description livraison rapide, conformes livraison"
252,"rapide, livraison rapide, rapide livraison, très rapide, livraison très rapide, livraison, rapide livraison rapide, livraison très, livraison rapide livraison, ultra rapide, ultra, livraison ultra rapide, plus rapide, livraison ultra, rapidité livraison"
253,"articles, article conforme, qualité articles, articles conformes, conformes, article, description, articles très, qualité, article conforme description, bonne qualité, attentes articles, conforme, description articles, conforme description"
254,"transporteur, transport, transporteurs, récupérer, auprès transporteur, transporteur dit, frais transport, enquête auprès transporteur, enquête auprès, colis, venir, venu, auprès, dit, enquête"
255,"produits, produit, produits commandés, commandés, produit commandé, commandé, commande produits, commandé produits, commande, reçu produit, commande produit, conforme commande, produit conforme commande, conforme, reçu"
256,"2020, commande, juin, avril, novembre, passée, numéro, décembre, commande passée, passé commande, passé, mai, numéro commande, 12, 19"
257,"site, recommande site, recommande, déconseille, clients, site recommande, site recommande site, fortement site, déconseille fortement, déconseille fortement site, com, fortement, cliente, sites, tout site"
258,"commander site, commander, commanderai, plus site, commanderai plus, commanderai plus site, site, site commanderai, jamais site, plus jamais site, site commanderai plus, plus jamais, commanderai plus jamais, commanderais plus, commanderais"
259,"frais, elles, savent, disent, font, frais retour, charge, frais envoi, veulent, elles très, ça, rembourser, problème, leurs, retour charge"
260,"livraison plus, prévu, plus rapide, livraison plus rapide, plus tôt, prévu livraison, rapide prévue, plus rapide prévue, tôt, prévue, plus tôt prévu, tôt prévu, prévu livraison plus, plus rapide prévu, rapide prévu"
261,"articles, articles défectueux, retourner articles, défectueux, trop, trop petit, retourner, article, petit, articles trop, article trop, frais port, articles beaucoup, photos, trop petits"
262,"remboursement, retour, toujours remboursement, retours, rembourser, frais retour, remboursé, remboursée, point, faire, frais, attends, faire rembourser, demande, point relais"
263,"commande, commandes, annuler, annuler commande, commande reçue, commande arrivée, reçue, rapidement, cette commande, arrivée, commande commande, conforme, retard, conforme commande, cette"
264,"articles, article, commandés, articles commandés, commande, commande articles, commandé, article commandé, commande article, article commande, commandes, articles commande, deux articles, manque, articles reçus"
265,"article, articles, retourner, manque article, article défectueux, manquant, article manquant, cet article, retourner article, article reçu, défectueux, retour article, retour, manque, renvoyer"
266,"étoile, tout très bien, tout très, aucune étoile, très bien, bien, si pu, bien déroulé, tout va bien, si pouvais, tout va, déroulé, va bien, tout, chez"
267,"prix, enclos, déçue prix, prix toujours, prix là, décembre, hyper, parka attends nouvelles, parka attends, obligé attendre jours, négatifs alors fais, négatifs alors, obligé attendre, parle produit, négatif agréablement"
268,"taille, bonne taille, article, taille article, article bonne taille, article bonne, article taille, articles, articles taillent, bonne, taille correspond, article dont taille, bonne taille article, taille limite, mauvaise taille"
269,"colis, reçu colis, colis reçu, reçu, relais, colis arrivé, recevoir colis, chercher, toujours reçu colis, toujours, chercher colis, colis reçois, toujours reçu, bien reçu colis, arrivé"
270,"produit, produits, produit livraison, livraison, produit livré, livraison produits, produit conforme, longue, délais livraison, produits livraison, livré, produits livrés, délais, livrés, livraison produit"
271,"retard, retard livraison, livraison retard, retardée, livraison retardée, livraison, beaucoup retard, retard plus, peu retard, livraison livraison, retard livraison retard, retard livraison livraison, livraison retard livraison, jours retard, mois retard"
272,"téléphonique, personne, impossible joindre, téléphoné, joindre, phone, prs, impossible, téléphoner, téléphoniques, car, responsable, numéro, dit, phone recycle"
273,"produit, produit reçu, produit commandé, reçu bon produit, correspond produit, reçu, bon produit, produit non, correspond, produit car, taille, bonne taille, reçu bon, bon produit produit, pickup"
274,"peu, déçu, peu déçue, très déçu, déçue, très déçu très, déçu très déçu, déçu peu, déçu très, déçue très déçu, peu déçue peu, déçu peu déçue, déçue très, déçue peu, peu déçu"
275,"jours, 19, 20, 15, 21, 15 jours, 11, 18, toujours rien, décembre, 2020, plus tard, tard, 21 jours, 14"
276,"commande livraison, livraison, entre commande livraison, livraison commande, entre commande, commande, livrée, conforme commande, long, livraison conforme commande, entre, commande livrée, délais, livraison conforme, conforme"
277,"longue, livraison peu longue, peu longue, livraison peu, longue livraison, long livraison, peu, peu longue livraison, longue livraison peu, peu long livraison, livraison longue, livraison, long, peu long, très longue"
278,"commercial, geste commercial, geste, aucun geste, aucun geste commercial, commerciale, aucun, commercial fait, geste commercial fait, geste commerciale, demande geste commercial, demande geste, service commercial, fait geste, commercial part"
279,"validée, panier puis, petit bug ça, enlever deux, enlever deux articles, deuxième commande arrivée, deux articles commis, puis décidée, puis décidée revenir, commis petit bug, commis petit, petit bug, commande malheureusement validée, problème deuxième commande, fois car validée"
280,"taille, tailles, petit, grand, trop, taillent, guide, prendre taille, taille peu, bonne taille, taille dessus, taille trop, guide tailles, petite, taille petit"
281,"showroom, showroomprive, showroomprivé, showroom privé, privé, chez showroom, showroomprive com, com, chez, chez showroom privé, recommande, déçue showroom, site showroomprive, showroomprivee, showroom privée"
282,"clients, leurs clients, leurs, foutent, moquent, viennent perdre, leurs clients respectent, moquent leurs, clients respectent, moquent leurs clients, patienter patienter, prennent clients, fichent, clients comme, patienter"
283,"mail, mails, réponse, envoyé, maillot, aucune réponse, bain, appels, maillot bain, envoyé mail, aucune, emails, sans réponse, email, envoie"
284,"euros, frais, 50, retour, 90, frais retour, 99, port, frais port, payer, frais livraison, payé, euros frais, 50 frais, remboursement"
285,"cassé, fois, boîte, couleur, cassée, peu, ça, changer, noir, petit, lettres, déçue, boite, point relais, tout"
286,"date prévue, avant date, avant date prévue, prévue, date, avant, arrivé avant date, arrivé avant, date prévue commande, prévue commande, reçu avant date, reçu avant, arrivée avant date, arrivée avant, arrivé"
287,"étoile, mettre, mets, mois, mets étoile, zéro, étoile car, moins, mettre zéro, si pouvais, si pouvais mettre, pouvais mettre, plus mois, mettre moins, pouvais"
288,"colis, relais, transporteur, carton, relais colis, deux, livré, enquête, colis livré, retourné, réception colis, jours, reçu, endommagé, transporteur colis"
289,"site, sérieux, site site, site sérieux, site très, sites, fuir, déçue site, fiable, arnaque, site éviter, autres sites, site fuir, bon site, éviter"
290,"livraison temps, temps livraison, temps livraison temps, temps, livraison temps livraison, livré temps, livré temps livraison, temps livré, temps livré temps, temps heure, livraison, livraison temps heure, livré, heure, livraison pris"
291,"commanderai, commanderai plus, commander, commander chez, plus jamais, commanderai plus jamais, chez, chez commanderai plus, chez commanderai, plus jamais chez, plus chez, jamais chez, plus commander, commanderai plus chez, commanderais"
292,"trop longue, trop, livraison trop, livraison beaucoup trop, livraison beaucoup, beaucoup trop, trop long livraison, trop long, longue, trop longue livraison, beaucoup trop long, beaucoup trop longue, long livraison, trop trop, livraison trop trop"
293,"date livraison, date, livraison prévue, prévue, livraison, 12, juin, livraison avant date, livraison avant, date livraison livraison, prévue entre, avant date, mai, dates, livraison livraison"
294,"vente, vente privée, privée, ventes, site vente, com, vente privee, privées, privee, ventes privées, vente ligne, privée com, vente privée com, ligne, vente vente"
295,"long, long délai, délai livraison, délai, long délai livraison, trop long, livraison trop long, peu long, délais livraison, délai livraison peu, livraison trop, longs, délais, livraison peu long, long délais"
296,"début, commande début, début juin, commandé début, début juillet, début novembre, commandé début novembre, passée début, juillet, septembre, fin, juin, debut, novembre, début décembre"
297,"produits conformes, conformes, produit conforme, attentes, produit, produits, conforme, description, conforme description, attentes produit, produits conformes attentes, produit conforme description, conformes attentes, conforme attentes, produit conforme attentes"
298,"articles, article, livrés, livraison, longue, livraison très, non livrés, articles non livrés, livraison articles, livraison article, article livré, articles livrés, trop longue, articles non, articles très"
299,"recommande, rien reçu, recommanderai, rien, réponse, recommanderai plus, jamais, sais, recommande sans, problème, sans hésiter, reprendra, reçu, ni, répondre"
300,"frais port, port, frais, frais ports, ports, frais port frais, port frais, remboursement frais port, remboursement frais, frais port exorbitants, port exorbitants, élevés, plus frais port, payer, payer frais port"
301,"euros, 300, montant, commande, 50, valeur, 500, commandé, plus 300, 300 euros, euros commande, 100, plus 1000, payé, près"
302,"peux retard tout, super livraison peux, retard tout parfait, peux retard, livraison peux retard, retard tout, livraison peux, super livraison, tout parfait, peux, super, parfait, retard, tout, livraison"
303,"satisfaite commande, satisfaite, très satisfaite commande, très satisfaite, commande très satisfaite, commande très, commande satisfaite, satisfaite commande très, satisfaite commande satisfaite, commande satisfaite commande, commande, satisfait commande, satisfait, très, tres satisfaite"
304,"prix, gonflés, prix prix, intéressants, prix très, prix affichés, affichés, prix gonflés, intéressant, gonflés faire, faire croire, gonflé, vaut, prix barrés, barrés"
305,"laissez, laissez avoir comme, laissez avoir, avoir comme, tranquillement voyage, inquiète part tranquillement, laissons faire inquiète, part tranquillement, part tranquillement voyage, laissons faire, laissez faire, laissez faire laisserai, laisserai faire laissons, faire laissons faire, faire laissons"
306,"délais, délais livraison, délai livraison, livraison respecté, respecté, délai livraison respecté, délai, respectés, livraison, livraison délais, délais délai livraison, délais délai, livraison respectés, délais livraison respectés, respecté livraison"
307,"cliente, cliente depuis, années, depuis, clients, depuis années, ans, fidèle, cliente depuis années, client, client depuis, cliente chez, 10 ans, bonne cliente, cliente fidèle"
308,"vente, vente privée, privée, commande vente, commande vente privée, années, commande, chez vente, privées, privee, ventes, ventes privées, commandes, vente privee, années commande vente"
309,"satisfaite achat, très satisfaite achat, achat très, satisfaite, achat, satisfaite achat très, achats, satisfaite achats, achat très satisfaite, achats très, achat satisfaite, très satisfaite, achat satisfaite achat, contente achat, très contente achat"
310,"100, euros, 100 euros, payé, 99, 70, 80, 60, 49, 80 euro, 70 euros, 129, 74, 90, euro"
311,"rapide, rapide efficace, livraison rapide, efficace, rapidement, super rapide, rapidité, rapide produits, produits, rapide produit, remboursement rapide, rapide efficace produits, produit arrivé très, top, qualité"
312,"manœuvres, empêcher annulation, empêcher annulation vente, entre vente réalité, épuisées dès, manœuvres afin, manœuvres afin empêcher, mat manœuvres, mat manœuvres afin, observation couleur, observation couleur différente, part vente pourquoi, plus mat, plus mat manœuvres, pourquoi certaines"
313,"attentes commande, commande conforme attentes, attentes, conforme attentes, commande conforme, attentes commande conforme, conforme attentes commande, attentes commande correspondant, commande correspondant, commande correspondant attentes, correspondant attentes, conforme, correspondant attentes commande, correspond attentes commande, commande correspond"
314,"frais livraison, livraison, domicile, livreur, frais, livraison domicile, élevés, relais, service livraison, livraisons, livraison livraison, point relais, point, livré, livraison très"
315,"date, prévue, avant date, commande, 12, date prévue, novembre, 11, livraison prévue, avant, 06, commande date, 05, avant date prévue, date livraison"
316,"service client, client, service, contacté service, contacté service client, contacté, réponse, dit, remboursement, service client dit, client dit, service clients, clients, contacter service client, contacter"
317,"produits, qualité, prix, qualité produits, bonne qualité, produits bonne, produits bonne qualité, bonne, produits qualité, qualité prix, bonne qualité produits, produit, prix produits, qualité produit, produits très"
318,"euros, 20, vendu, 10, 99, payer, 30, 50, dédommagement, débité, 40, payé, retrouve, perdu, 90"
319,"robes, deux robes, taille, leggings, robes commandées, commandées, trop, blouse, marque, qualité, deux, belles, belle, tissu, legging"
320,"satisfaite articles, très satisfaite articles, satisfaite, très satisfaite, articles satisfaite articles, articles satisfaite, satisfaite articles commandés, articles, articles très satisfaite, satisfaite articles très, articles commandés, articles commandés très, articles très, commandés très, commandés"
321,"showroom, showroomprive, showroomprivé, showroom privé, privé, expérience showroomprive, expérience, com, showroomprive com, bonjour, prix, chez showroomprivé, jamais showroom, recommande showroom, partager"
322,"plastique, emballage, fragiles, fabrication, protection, sans protection, correspond, bâche, carton, fragile, gestion, dégradation, photo, absolument, plastiques"
323,"colis, transporteur, mail, informant, réception, adresse, décembre, suivi, relais, réception colis, poste, suivi colis, colis perdu, dépôt, colis jamais"
324,"client, service client, service, clients, cliente, service clients, écoute, depuis, cliente depuis, joindre, client très, satisfaction, appelle service, services, joindre service"
325,"commandé, commander, commande, marque, mai, noël, reçu, veste, cadeau, reçois, fois, cabine, commandé veste, valise cabine, fois commande"
326,"notice, notice français, message, français, signaler problème, signaler, message signaler problème, message signaler, alerter, dire si, définitivement, note, remboursement partiel motif, retard livraison fais, internet trouver notice"
327,"date, jours, avant date, jour, 12, prévue, avant, date prévue, annonce, jours avant, annoncée, 15, 20, livré, janvier"
328,"commande, commandes, commande non, annuler, annuler commande, moitié commande, reçu commande, reçu moitié, non, reçu moitié commande, première commande, moitié, reçu, commande non conforme, correspond"
329,"font, disent, elles, peuvent, quand, leurs, savent, plus, livré, rien, doivent, rappeler, si, moquent, autres"
330,"site, photos site, sites, site conforme, conforme photos site, site commande, vue mer, photos site commande, site conforme présentation, conformes photos site, conforme photos, travel one, places, travel, conforme présentation"
331,"colis, relais, relais colis, récupérer colis, point relais, point, récupérer, remboursement, retourné, renvoyer colis, retour colis, reçu colis, attendre, poste, rembourser"
332,"long, trop long, délai livraison, trop, longue, délai, livraison trop, livraison, livraison peu, délais livraison, peu long, trop longue, livraison long, peu, très long"
333,"articles, article, article arrivé, article reçu, retourner article, reçu article, articles très, article conforme, qualité, abîmé, trop, article trop, marque, articles non, arrivé"
334,"livraison, livreur, délais livraison, délais, délai livraison, délai, livré, livraisons, livraison livraison, avance, respecté, point relais, frais livraison, délai annoncé, point"
335,"peu long, livraison peu, délais livraison peu, livraison peu long, peu, long, peu longs, délais livraison, toujours peu longs, livraison toujours peu, délais livraison toujours, toujours peu, peu long parfait, long tout parfait, peu longs délais"
336,"manche, manque, manquait, pièces, manque pièces, camel, pièce, manches, manquante, colonne, qualité manquait, 2ème colis, pièce manquante, mentent, bouton"
337,"avant plus, autant échantillons avant, cependant plus autant, avant plus rien, avant plus comme, autant échantillons, rien voir avant, échantillons avant plus, échantillons avant, voir avant plus, plus autant échantillons, plus autant, cependant plus, voir avant, plus comme avant"
338,"prix, qualité prix, qualité, prix livraison, intéressants, cher, différence prix, souvent, différence, prix base, euros, prix très, marques, plus cher, parfois"
339,"remboursement, semaines, réponse, mois, jours, réparation, réponse part, relances, part, depuis, toujours, retour, attente, encore, demande"
340,"taille, jolie, couleur, photo, petit, rose, couleurs, trop, très jolie, belle, photos, très, petites, acheté, belles"
341,"euros, 99, 90, prix, valeur, 50, frais, 10, 80, montant, réduction, lieu, alors, achat, 20"
342,"financier enclenche, telephone personne responsable, telephone personne, service financier enclenche, remboursement telephone personne, financier enclenche demande, toujours faute, faute service financier, facile toujours faute, facile toujours, toujours faute service, excuse facile toujours, demande remboursement telephone, enclenche, enclenche demande remboursement"
343,"mail, mails, envoyé, appels, remboursement, réponse, après, reçu mail, envoie mail, reçois, retour, envoie, reçois mail, répondent mails, envoyer"
344,"remboursement, client, service, service client, demande, retour, euros, frais, rembourser, faire, donc, après, jours, contacté, dit"
345,"vente, ventes, vente monday moon, vente monday, monday moon, 04 09, monday, moon, 09, monday moon 04, shock, shock absorber, absorber, moon 04, moon 04 09"
346,"qualité, bien, tout, dire, cuir, cela, très, impossible, écran, monter, meuble, fidélité, peu, plus, fois"
347,"dame, madame, cela reproduira, espère cela reproduira, belle, femme, reproduira, cela, espère cela, bride, elles, factrice, belle tout, dame très, gros trou"
348,"clients, respect, société, client, responsable, considération, cette société, dysfonctionnement, veepee, faire, aucune considération, cette, conditions, demande, solution"
349,"retour, remboursement, rétractation, retours, faire, rembourser, faire retour, démarches, tablette, remboursé, droit rétractation, procédure, relais, droit, impossible"
350,"attendre, attends, vais, encore, mois, remboursement, depuis, compte, dois, patienter, faire, cliente, responsable, jours, attendez"
351,"super, beau, très, merci, très beau, tres, joli, qualité, bonne qualité, beaucoup, merci beaucoup, bonjour, rapport qualité, très bon, qualité très"
352,"nul nul, carton, achat, nul, nul nul nul, poussette, radiateurs, achats, café, abîmé, lit, boîtes, deux, boule, écran"
353,"commande, commandes, commande commande, commandé, reçue, cette commande, commande conforme description, dernières, commande reçue, bon état, état, partie commande, dernières commandes, commande conforme, partie"
354,"rapide, livraison rapide, conforme, conforme photo, photo, produit conforme, rapide produit, rapide conforme, photo livraison rapide, commande conforme, livraison rapide produit, rapide produit conforme, produit conforme photo, photo livraison, livraison rapide conforme"
355,"site, sites, recommande, jamais site, jamais, plus, plus jamais, plus jamais site, site plus, plus site, autres sites, internet, problème, plus commander site, site très"
356,"vente, vente privée, privée, après vente, service après vente, service après, privee, vente privee, après, service, contact, site vente, ventes, client, contacté"
357,"expéditeur, chez expéditeur, envoie rapide, expédier, information suivante, instant rien redire, regarde suivi aucun, impatient renvoyer expéditeur, fait moins 15, impatient renvoyer, renvoyer expéditeur, expédié quand regarde, expédié quand, information suivante expédié, expédié 72h ok"
358,"colis, reçu colis, colissimo, suivi colis, relais, colis colis, colis livré, colis reçu, état, arrivé, reçu, suivi, livré, colis arrivé, recevoir colis"
359,"téléphonique, mail, mails, service, réponse, demande, messages, contacter, plusieurs, téléphoniques, appels, numéro, service client, client, message"
360,"commande, commandes, compte, dit, toujours, message, rien, mois, client, après, jours, octobre, plusieurs, commandé, service client"
361,"site, sites, autres sites, site site, autres, site plus, acheter site, fuyez site, recommande site, site très, plus, sérieux, affaires, bon site, expérience site"
362,"service clients, déception, accuse, fraude, restés sans réponse, restés sans, articles défectueux, restés, clients, jours font plus, jamais mails mentent, jours contester rien, jours contester, joindre société matelas, litiges traitement leurs"
363,"contacter, bonjour, contact, téléphonique, contacté, lundi, 05 2021, contact site, adresse, numéro, contactée, contacts, personne, contacte, hier"
364,"date, prévue, avant date, livraison date, date prévue, date livraison, livraison prévue, avant date prévue, livré avant date, livré avant, prévue livraison, date livraison respectée, livraison respectée, avant, prevue"
365,"avance belle, avance belle surprise, livraison avance belle, ok livraison avance, tout ok livraison, belle surprise, ok livraison, livraison avance, tout ok, ok, avance, belle, surprise, tout, livraison"
366,"mail, adresse, contacter, contacté, site, email, adresse mail, via, impossible joindre, vp, impossible, plusieurs, part, envoyer, joindre"
367,"rien, déçue, jamais, jamais déçue, normal, dire, si, tout, avoir, rien dire, déçu, soucis, sais, vrai, faire"
368,"commande, commandes, reçu commande, reçu, passé, commandé, mois, commande très, chez, bonjour, toujours, jamais, passé commande, commande commande, si"
369,"commandes, commande, problèmes, reçu, commandé, incomplète, incomplètes, annulation, annuler, fois, annulées, plusieurs commandes, envois, sans, retour"
370,"produits, produit, photos, arrivés, produits correspondent, amazon, qualité, moins, prix, plus, commercial, sites, showroomprivé, pr, payer"
371,"vente privée, privée, vente, ventes, privee, vente privee, privées, ventes privées, commande vente, faire, achat vente, mois vente privée, achat vente privée, chez vente, mois vente"
372,"colis, livraison colis, colissimo, colis arrivé, livré, arrivé, colis perdu, colis colis, perdu, livraison, colis reçu, livreur, emballage, suivi, toujours"
373,"service, service client, client, incompétent, service client incompétent, client incompétent, clients, déplorable, service clients, appel, client très, solution, service service, service client très, réponse"
374,"voleurs, concurrence, concurrents, leurs, prendre, veepee, comment, arnaqueurs, prendre exemple, vérifier, conseillers, vrais, conseil, cas, choses"
375,"commande arrivée, arrivée, satisfaite, satisfaite commande, commande arrive, très satisfaite, commande arrivée avance, commande arrivée plus, arrivée avance, arrivée plus, plus tôt, avance, tôt, commande, prévu"
376,"rebelote rien bouge, rebelote rien, rien bouge, rebelote, bouge, rien, , , , , , , , , "
377,"veste jamais, commandé veste jamais, veste jamais arrivée, récemment commandé veste, commandé veste, récemment commandé, jamais arrivée, récemment, veste, arrivée, commandé, jamais, , , "
378,"articles conformes, conformes, articles conformes description, articles, conformes description, description, description articles, articles conformes descriptions, conformes descriptions, description livraison, descriptions, délais rien, descriptions taille confort, délais articles conformes, description semblent bonne"
379,"showroom, showroomprivé, showroomprive, showroom privé, privé, dit, showroom dit, fournisseur, rembourser, retour, remboursement, réponse, demande, jours, séjour"
380,"appel ailleurs, appel ailleurs attends, attends toujours comme, comme toujouirs, toujours comme toujouirs, tout extra toujours, toujours appel ailleurs, tout extra, toujouirs tout, toujouirs tout extra, toujouirs, extra toujours attente, extra toujours, comme toujouirs tout, ailleurs attends"
381,"mail, message, reçois, reçois mail, 12, 17, 2020, date, jours, messages, envoyé, 08, annulation, remboursement, 02"
382,"livraison colis, colis livraison, prévenue, colis, indication livré compte, descende colis plus, décevante prévenu livraison, engage car, engage car rien, envoyer colis respecte, devait arriver colis, donc colis livraison, dont colis livrée, décevante prévenu, justificatif services"
383,"bancaire, carte, compte bancaire, commande effectue 24, sollicitations opposition paiement, établissement bancaire hésitez, tout cas fois, code banque or, code banque, toute données, chez quelques jours, sollicitations opposition, toute données bancaire, cas fois réception, mois toujours suite"
384,"meuble conforme photo, rapide meuble, livraison rapide meuble, meuble conforme, rapide meuble conforme, conforme photo, meuble, livraison rapide, photo, rapide, conforme, livraison, , , "
